Questions,Suggestions
The Himalayan region,"Himalayan Treks is the company you want to go on a hike. They are experienced, professional and with a good sense of the culture that is so present in Nepal. You first come to Nepal for the mountains but from then on you come for the people. Himalayan Treks knows this and brings people together for very memorable moments. Thank you so much Eva and all the others for the once-in-a-lifetime adventure @ One of the most amazing life changing events of my life with Himalayan Treks. Thank you so much. I’ve been on a lot of excursions and have done a lot of travelling before but have never had an experience."
The Western Ghats,"There are no summer treks in the Western Ghats, You cannot trek in the Western Ghats in the monsoons @ Treks in the Western Ghats are easy, awesome experience"
The Eastern Ghats,"In some parts of the Eastern Ghats, the trekking infrastructure may be limited, which can make it difficult to find accommodations and other services along the way @ The weather in the Eastern Ghats can be unpredictable, and you may encounter heavy rain or other adverse conditions during your trek. It's important to plan accordingly and be prepared for potential weather challenges @ The Eastern Ghats are known for their waterfalls, forests, and wildlife, which can make for a beautiful and scenic trekking experience."
The Markha Valley,"The Markha Valley is known for its beautiful landscapes, including snow-capped peaks, rugged mountains, and picturesque villages. @ The Markha Valley trek takes place at high altitudes, and some people may experience altitude sickness. It's important to acclimatize properly and take necessary precautions to avoid altitude sickness."
The Valley of Flowers,"The Valley of Flowers is located in a remote area, and accessing it can be challenging. You may need to travel long distances to get to the starting point of your trek. @ The Valley of Flowers is a popular trekking destination, and you may encounter crowds of people during the peak season. This can be a challenge if you are looking for a more solitary trekking experience"
Shimla NORTH Himachal Pradesh,"Queen of hills @  This hill station is well-connected to some of the main cities in the country. @ Best Time to Visit: March to June. November to February is ideal for experiencing snowfall and enjoying snow-related adventure activities @ Trekking, paragliding, skydiving, bunjee jumping like activities easily available. @  plenty of accommodation options in the hill station @ Weather is decent. Can vary from -5°C to 35°C. It's clean, beautiful and quite safe. If you want peace, stay in himachal. @ Kasol and shimla @ Water crisis @ Narrow roads @ Less parking space @ more crowded and congested during peak tourist season"
Manali   NORTH  Himachal Pradesh,This hill station is less crowded since it's a bit further away from some of the main cities @  Manali is more for adventure seekers and best visited during winter season @ bring your own vehicle for convenience as the attractions here are far from each other@Manali is full of snow and mesmerizing snowcapped mountains which would blow your mind completely @ you need to carry some winter’s stuff 
Haridwar and Rishikesh Uttarakhand,"Best Time to Visit: March to June and October to NovemberConsidered to be twin national heritage cities, Haridwar and Rishikesh have a spiritual aura that attracts soul seekers and pilgrims from across the world. @ Ganges is meditated upon @ white rapids call out to thrill-seekers making it one of the most popular adventure spots in North India @ towns have a vegetarian food culture and are known for delicious street food spread @ large chunk of plastic waste flows into the local water bodies, including the Ganges @ result of the breakage of the glacier which caused a swell in the river water leading to flooding and subsequently destroying many houses on the riverside."
Amritsar Punjab,Reach the city maximum at 5 am or 5.30 am in the morning! @ Great food at highly affordable price @ Most beautiful women i have ever seen @ High pollution level and dust on the roads @ Problem of drugs and alcohol. Eve teasing and chain snatching is common @  you can get each and everything at one place 
Varanasi Uttar Pradesh,"one of the cities -oldest than history it just feels unexplainable@Alcohol and non-vegetarian food are not allowed here@Alcohol and non-vegetarian food are not allowed here@Varanasi can get cold during the winter months so remember to bring a shawl or sweater for chilly morning boat trips@booking a pickup from the airport or train station for your arrival for less hassle and avoid a few scams.there are many businessmen (and women) who will be all too happy to overcharge you, and scams abound@One of the must-do’s of any visit to Varanasi is taking a boat trip on the river Ganges. There are two best times of day to do this: For sunrise, and in the evening to see the the Ganga aarti that takes place each evening on the Dasaswamedh Ghat from the water.@Charming Musical Events@Pocket-Friendly Place@Mesmerizing Ganga Aarti ( offering of lighted Diya)@Captivating Temples and Forts@ Enthralling and Unique Rituals@Enchanting Ghats (river landing steps or passage)"
Leh-Ladakh Jammu Kashmir,"Best Time to Visit: April to September. November to March offers a unique chance to see the lakes frozen into solid ice @ The sunshine of the Kashmir valley particularly high altitudes like Gulmarg can be very harsh to your skin and you might easily get sun burn so don’t forget to apply a thick coat of sunscreen before you go out during summers.@climate of Kashmir is varied, very cold in winter and blazing sunny in summer@SIM card is not going to work in Kashmir as roaming is blocked  due to what India claims as security reasons.  If you’re a foreigner, your hotel owner might provide you with a local sim or you can easily purchase a local sim card from mobile telecom operators.@there’s a lot of electricity crisis in Kashmir, make sure you carry a torch with you.@ Don’t discuss with your driver or guide your shopping list. Go shop on your own.@scenic splendour @ snow-capped mountains, plentiful wildlife, exquisite monuments, hospitable people and local handicrafts."
Coorg Karnataka,"Best Time to Visit: October to March@an alluring hill station in Karnataka, blessed with mesmerizing waterfalls, towering hills, scenic views, and sprawling coffee plantations. Referred to as ‘the Scotland of India@India’s second-largest Tibetan settlement@whitewater rafting. During monsoons, it can be a challenging yet thrilling activity to indulge in.@Coorg has all those expensive resorts and hotels where one can splurge, and make your trip worth it. Most of them are between Madikeri ( the main town ) and Kushal Nagar ( 30 kms apart ) @Bylakuppe Tibetan Monastery : Huge and beautiful, it definitely is worth a visit. Its near Kushal Nagar.@Its an extremely overrated tourist destination, with literally no decent tourist spot. @‘Abbey Falls’ is literally the saddest waterfall ever. You cant even go and take a dip in the water.@There are hardly any good food options. No cafes, only restaurants serving Coorg cuisine ( Mostly non veg ) and North Indian – South Indian food. Food is most definitely better at the hotels, which serve all kinds of cuisines."
Kodaikanal Tamil Nadu,"The cool breeze of Kodaikanal, a hill town in Tamil Nadu, is a welcome respite from the humidity typically associated with southern India@hill station is rightly called the Princess of Hill Stations.@hill station is rightly called the Princess of Hill Stations.@Using water infested with weed can lead to serious health problems@ there aren't many things to view@There are fewer hotels and guesthouses to choose from. If you’re going to be here on a weekend, be sure you reserve your room in advance.@ Boating on the lake or hiking to the lookout spots is the only options for visitors.@Trekking to Dolphin’s Nose in Kodaikanal is one of the most exciting things to do in the area. The cliff of Dolphin Nose is a breathtaking sight to see as you journey through the lush woodlands and well indicated pathways.@One kilometre of Coakers Walk provides amazing views of the city, mountains, and valleys. Enjoy the designated pedestrian path for cycling and the Telescopic house for panoramic views of Kodaikanal.@Less pollution due to better weather.A more authentic, ‘closer to nature,’ and less marketed experience.Compared to Ooty, hotel rates and taxi charges are cheaper."
Ooty Tamil Nadu,"Best Time to Visit: October to June@Ooty, the Queen of Hill Stations, balances the hustle and bustle of city life with expansive tea gardens.@The charming bungalows from the British-Raj era add a romantic flavor to Ooty, making it one of the most popular honeymoon destinations in South India.@Good road connectivity with all major cities and towns in South India.@Good road connectivity with all major cities and towns in South India.@Good road connectivity with all major cities and towns in South India.@Too much commercialized. Nature takes a back-seat.@Too many tourists. If you are looking for a relaxing trip away from the mad rush of tourists, Ooty may not be the ideal choice.@Too many tourists. If you are looking for a relaxing trip away from the mad rush of tourists, Ooty may not be the ideal choice."
Hampi Karnataka,"One of India's top historical destinations @Hampi is home to more than 2000 stunning monuments that have stood the test of time@Hampi as the favourite playground for those into bouldering and rock climbing@You can book a stay at one of Hampi’s quirky and uber-relaxing guesthouses and chill out after a full day of exploring.@you can take a boat trip in a Dongi, a bowl-shaped boat made of reed, saplings and hide.@monument have been facing serious damage from illegal quarrying and rampant blasting activities.@Be prepared for harsh weather"
Wayanad Kerala,"his area is famous for hills, forests and rivers@The food that is available here is so tasty and healthy@It is a clean and maintained city with the beauty of the nature@Lush green coffee estates, Pepper plantation, Supari and Coconut groves are amazing. Small town lifestyle, beautiful and clean settlements of people, narrow winding roads, pleasant weather."
Visakhapatnam,"known as Vizag, is one of the oldest port cities in the country. @known as Vizag, is one of the oldest port cities in the country. @a lot cleaner and a lot less crowded than other famous beaches along the Indian coastline,@ a lot cleaner and a lot less crowded than other famous beaches along the Indian coastline,@a lot cleaner and a lot less crowded than other famous beaches along the Indian coastline,@ During summer it would be really humid even though the temperature may not reach 40(it does go beyond 40)@air quality in vizag is relatively bad due to industries which use a ton of coal and due to port. @air quality in vizag is relatively bad due to industries which use a ton of coal and due to port."
GOA,"Goa offers you the very enticing option of renting a bike and getting around. @Goa is completely safe to explore at night. You will be thrilled with the late-night parties on the beaches and water sports.@there are many museums in Goa where photography is banned, along with many temples, churches, caves, and forts.@Goa houses one of the best shopping destinations and is a shopaholic’s dream place as well.@The best time of visit in Goa is between the months of October and March.@There are some of the beaches in Goa where swimming is not really allowed. It is because of the frequent high waves in the sea. Moreover, you have to be cautious when facing high waves for safety reasons.@Food is costlier!@More scam !!"
Shimoga,Its a awesome place@You can visit in the rainy season
Punjab,"Very green place, Nice food"
